Date,Day,ConfirmedIndianNational,ConfirmedForeignNational,Cured,Deaths,Confirmed
2020-01-30,0,1,0,0,0,1
2020-01-31,1,1,0,0,0,1
2020-02-01,2,2,0,0,0,2
2020-02-02,3,3,0,0,0,3
2020-02-03,4,3,0,0,0,3
2020-02-04,5,3,0,0,0,3
2020-02-05,6,3,0,0,0,3
2020-02-06,7,3,0,0,0,3
2020-02-07,8,3,0,0,0,3
2020-02-08,9,3,0,0,0,3
2020-02-09,10,3,0,0,0,3
2020-02-10,11,3,0,0,0,3
2020-02-11,12,3,0,0,0,3
2020-02-12,13,3,0,0,0,3
2020-02-13,14,3,0,0,0,3
2020-02-14,15,3,0,0,0,3
2020-02-15,16,3,0,0,0,3
2020-02-16,17,3,0,0,0,3
2020-02-17,18,3,0,0,0,3
2020-02-18,19,3,0,0,0,3
2020-02-19,20,3,0,0,0,3
2020-02-20,21,3,0,0,0,3
2020-02-21,22,3,0,0,0,3
2020-02-22,23,3,0,0,0,3
2020-02-23,24,3,0,0,0,3
2020-02-24,25,3,0,0,0,3
2020-02-25,26,3,0,0,0,3
2020-02-26,27,3,0,0,0,3
2020-02-27,28,3,0,0,0,3
2020-02-28,29,3,0,0,0,3
2020-02-29,30,3,0,0,0,3
2020-03-01,31,3,0,0,0,3
2020-03-02,32,131,000,0,0,5
2020-03-03,33,1031,0100,3,0,6
2020-03-04,34,630111,0020014,3,0,28
2020-03-05,35,203117,0201400,3,0,30
2020-03-06,36,303171,0201400,3,0,31
2020-03-07,37,37211301,000000214,3,0,34
2020-03-08,38,21118037,000140200,3,0,39
2020-03-09,39,219211111704,0000014000020,3,0,46
2020-03-10,40,7240415511111,0002000014000,3,0,58
2020-03-11,41,2501711921114,0014020000000,3,0,60
2020-03-12,42,6017111031114111,01402010000000,3,0,74
2020-03-13,43,6019111031116141,01402010000000,3,1,81
2020-03-14,44,7019111131216141,01402010000000,10,2,84
2020-03-15,45,17062232121323121,001400002000010,13,2,110
2020-03-16,46,170623321121334121,0014000002000010,13,2,114
2020-03-17,47,1811124361121336141,0014023002020010,14,3,137
2020-03-18,48,193112539111214381511,011402300020200100,14,3,151
2020-03-19,49,211131425441125241481811,00114023000202000100,20,4,173
2020-03-20,50,311653152649212153814102232,001014023000209000100,23,4,223
2020-03-21,51,3125732153346021131531014132333,001014007030002011000100,23,4,283
2020-03-22,52,521281872264546421212251154132634,0001014007030002211000100,24,7,360
2020-03-23,53,7212829122336067121212672264133037,0001014007030002210000100,24,7,433
2020-03-24,54,831293214337877861212930132574133239,00011140080300002210000110,40,9,519
2020-03-25,55,9413037143411011412511212934162577133639,000111400803000002210000110,43,10,606
2020-03-26,56,111676353421631355110132012111213339203444010,00000101140008003000002610110,45,15,694
2020-03-27,57,112676353421631355129132012711213339233544010,00000101140008003000002610110,67,17,724
2020-03-28,58,146986383441932055168133017711313852344645415,00000101140008003000002610110,80,19,909
2020-03-29,59,---------------------------,---------------------------,96,27,1024
2020-03-30,60,----------------------------,----------------------------,102,31,1251
2020-03-31,61,----------------------------,----------------------------,124,35,1397
2020-04-01,62,-----------------------------,-----------------------------,144,41,1834
2020-04-02,63,-----------------------------,-----------------------------,156,53,2069
2020-04-03,64,-------------------------------,-------------------------------,163,62,2547
2020-04-04,65,------------------------------,------------------------------,213,75,3072
2020-04-05,66,------------------------------,------------------------------,275,83,3577
2020-04-06,67,------------------------------,------------------------------,319,111,4281
2020-04-07,68,-------------------------------,-------------------------------,353,124,4789
2020-04-08,69,-------------------------------,-------------------------------,411,149,5274
2020-04-09,70,-------------------------------,-------------------------------,478,169,5865
2020-04-10,71,-------------------------------,-------------------------------,516,206,6761
2020-04-11,72,-------------------------------,-------------------------------,653,242,7529
2020-04-12,73,-------------------------------,-------------------------------,765,273,8447
2020-04-13,74,--------------------------------,--------------------------------,980,324,9352
2020-04-14,75,---------------------------------,---------------------------------,1190,353,10815
2020-04-15,76,---------------------------------,---------------------------------,1344,392,11933
2020-04-16,77,---------------------------------,---------------------------------,1515,420,12759
2020-04-17,78,---------------------------------,---------------------------------,1767,452,13835
2020-04-18,79,---------------------------------,---------------------------------,2015,488,14792
2020-04-19,80,---------------------------------,---------------------------------,2302,519,16116
2020-04-20,81,---------------------------------,---------------------------------,2842,559,17656
2020-04-21,82,---------------------------------,---------------------------------,3260,603,18985
2020-04-22,83,--------------------------------,--------------------------------,3960,652,20471
2020-04-23,84,--------------------------------,--------------------------------,4325,686,21700
2020-04-24,85,--------------------------------,--------------------------------,4814,723,23452
2020-04-25,86,--------------------------------,--------------------------------,5210,779,24893
2020-04-26,87,--------------------------------,--------------------------------,5914,826,26605
2020-04-27,88,--------------------------------,--------------------------------,6362,886,28160
2020-04-28,89,--------------------------------,--------------------------------,7027,937,29834
2020-04-29,90,--------------------------------,--------------------------------,7797,1008,31709
2020-04-30,91,--------------------------------,--------------------------------,8373,1075,33330
2020-05-01,92,--------------------------------,--------------------------------,9065,1152,34972
2020-05-02,93,--------------------------------,--------------------------------,9951,1218,37157
2020-05-03,94,--------------------------------,--------------------------------,10887,1306,40124
2020-05-04,95,--------------------------------,--------------------------------,11762,1389,42836
2020-05-05,96,--------------------------------,--------------------------------,13161,1583,46711
2020-05-06,97,---------------------------------,---------------------------------,14183,1694,49391
2020-05-07,98,---------------------------------,---------------------------------,15267,1783,52952
2020-05-08,99,---------------------------------,---------------------------------,16540,1886,56342
2020-05-09,100,---------------------------------,---------------------------------,17847,1981,59662
2020-05-10,101,---------------------------------,---------------------------------,19358,2109,62939
2020-05-11,102,---------------------------------,---------------------------------,20917,2206,67152
2020-05-12,103,---------------------------------,---------------------------------,22455,2293,70756
2020-05-13,104,---------------------------------,---------------------------------,24386,2415,74281
2020-05-14,105,---------------------------------,---------------------------------,26235,2549,78003
2020-05-15,106,---------------------------------,---------------------------------,27920,2649,81970
2020-05-16,107,---------------------------------,---------------------------------,30153,2752,85710
2020-05-17,108,---------------------------------,---------------------------------,34109,2872,90637
2020-05-18,109,---------------------------------,---------------------------------,36824,3029,95759
2020-05-19,110,---------------------------------,---------------------------------,39174,3163,100325
2020-05-20,111,----------------------------------,----------------------------------,42298,3303,106750
2020-05-21,112,----------------------------------,----------------------------------,45300,3435,112359
2020-05-22,113,----------------------------------,----------------------------------,48534,3583,118447
2020-05-23,114,----------------------------------,----------------------------------,51784,3720,125101
2020-05-24,115,-----------------------------------,-----------------------------------,54441,3867,131868
2020-05-25,116,-----------------------------------,-----------------------------------,57721,4021,138845
2020-05-26,117,------------------------------------,------------------------------------,60491,4167,145380
2020-05-27,118,------------------------------------,------------------------------------,64426,4337,151767
2020-05-28,119,------------------------------------,------------------------------------,67692,4531,158333
2020-05-29,120,------------------------------------,------------------------------------,71106,4706,165799
2020-05-30,121,------------------------------------,------------------------------------,82370,4971,173763
2020-05-31,122,------------------------------------,------------------------------------,86984,5164,182143
2020-06-01,123,------------------------------------,------------------------------------,91819,5394,190535
2020-06-02,124,------------------------------------,------------------------------------,95527,5598,198706
2020-06-03,125,------------------------------------,------------------------------------,100303,5815,207615
2020-06-04,126,------------------------------------,------------------------------------,104107,6075,216919
2020-06-05,127,------------------------------------,------------------------------------,109462,6348,226770
2020-06-06,128,------------------------------------,------------------------------------,114073,6642,236657
2020-06-07,129,------------------------------------,------------------------------------,119293,6929,246628
2020-06-08,130,------------------------------------,------------------------------------,124095,7135,256611
2020-06-09,131,------------------------------------,------------------------------------,129215,7466,266598
2020-06-10,132,------------------------------------,------------------------------------,135206,7745,276583
2020-06-11,133,-------------------------------------,-------------------------------------,141029,8102,286579
2020-06-12,134,------------------------------------,------------------------------------,147195,8498,297535
2020-06-13,135,------------------------------------,------------------------------------,154330,8884,308993
2020-06-14,136,------------------------------------,------------------------------------,162379,9195,320922
2020-06-15,137,------------------------------------,------------------------------------,169798,9520,332424
2020-06-16,138,------------------------------------,------------------------------------,180013,9900,343091
2020-06-17,139,------------------------------------,------------------------------------,186935,11903,354065
2020-06-18,140,------------------------------------,------------------------------------,194325,12237,366946
2020-06-19,141,------------------------------------,------------------------------------,204711,12573,380532
2020-06-20,142,------------------------------------,------------------------------------,213831,12948,395048
2020-06-21,143,------------------------------------,------------------------------------,227756,13254,410461
2020-06-22,144,------------------------------------,------------------------------------,237196,13699,425282
2020-06-23,145,------------------------------------,------------------------------------,248190,14011,440215
2020-06-24,146,------------------------------------,------------------------------------,258685,14476,456183
2020-06-25,147,------------------------------------,------------------------------------,271697,14894,473105
2020-06-26,148,------------------------------------,------------------------------------,285637,15301,490401
2020-06-27,149,------------------------------------,------------------------------------,295881,15685,508953
2020-06-28,150,------------------------------------,------------------------------------,309713,16095,528859
2020-06-29,151,------------------------------------,------------------------------------,321723,16475,548318
2020-06-30,152,------------------------------------,------------------------------------,334822,16893,566840
2020-07-01,153,------------------------------------,------------------------------------,347979,17400,585493
2020-07-02,154,------------------------------------,------------------------------------,359860,17834,604641
2020-07-03,155,------------------------------------,------------------------------------,379892,18213,625544
2020-07-04,156,------------------------------------,------------------------------------,394227,18655,648315
2020-07-05,157,------------------------------------,------------------------------------,409083,19268,673165
2020-07-06,158,------------------------------------,------------------------------------,424433,19693,697413
2020-07-07,159,------------------------------------,------------------------------------,439948,20160,719665
2020-07-08,160,------------------------------------,------------------------------------,456831,20642,742417
2020-07-09,161,------------------------------------,------------------------------------,476378,21129,767296
2020-07-10,162,------------------------------------,------------------------------------,495516,21604,793802
2020-07-11,163,------------------------------------,------------------------------------,515386,22123,820916
2020-07-12,164,------------------------------------,------------------------------------,534621,22674,849553
2020-07-13,165,------------------------------------,------------------------------------,553471,23174,878254
2020-07-14,166,------------------------------------,------------------------------------,571460,23727,906752
2020-07-15,167,------------------------------------,------------------------------------,592032,24309,936181
2020-07-16,168,------------------------------------,------------------------------------,612815,24915,968876
2020-07-17,169,------------------------------------,------------------------------------,635757,25602,1003832
2020-07-18,170,------------------------------------,------------------------------------,653751,26273,1038716
2020-07-19,171,-----------------------------------,-----------------------------------,677423,26816,1077618
2020-07-20,172,-----------------------------------,-----------------------------------,700087,27497,1118043
2020-07-21,173,-----------------------------------,-----------------------------------,724578,28084,1155191
2020-07-22,174,-----------------------------------,-----------------------------------,753050,28732,1192915
2020-07-23,175,-----------------------------------,-----------------------------------,782607,29861,1238635
2020-07-24,176,-----------------------------------,-----------------------------------,817209,30601,1287945
2020-07-25,177,-----------------------------------,-----------------------------------,849432,31358,1336861
2020-07-26,178,-----------------------------------,-----------------------------------,885577,32063,1385522
2020-07-27,179,-----------------------------------,-----------------------------------,917568,32771,1435453
2020-07-28,180,-----------------------------------,-----------------------------------,952743,33425,1483156
2020-07-29,181,-----------------------------------,-----------------------------------,988029,34193,1531669
2020-07-30,182,-----------------------------------,-----------------------------------,1020582,34968,1583792
2020-07-31,183,-----------------------------------,-----------------------------------,1057805,35747,1638870
2020-08-01,184,-----------------------------------,-----------------------------------,1094374,36511,1695988
2020-08-02,185,-----------------------------------,-----------------------------------,1145629,37364,1750723
2020-08-03,186,-----------------------------------,-----------------------------------,1186203,38135,1803695
2020-08-04,187,-----------------------------------,-----------------------------------,1230509,38938,1855745
2020-08-05,188,-----------------------------------,-----------------------------------,1282215,39795,1908254
2020-08-06,189,-----------------------------------,-----------------------------------,1328336,40699,1964536
2020-08-07,190,-----------------------------------,-----------------------------------,1378105,41585,2027074
2020-08-08,191,-----------------------------------,-----------------------------------,1427005,42518,2088611
2020-08-09,192,-----------------------------------,-----------------------------------,1480884,43379,2153010
2020-08-10,193,-----------------------------------,-----------------------------------,1535743,44386,2215074
2020-08-11,194,-----------------------------------,-----------------------------------,1583489,45257,2268675
2020-08-12,195,-----------------------------------,-----------------------------------,1639599,46091,2329638
2020-08-13,196,-----------------------------------,-----------------------------------,1695982,47033,2396637
2020-08-14,197,-----------------------------------,-----------------------------------,1751555,48040,2461190
2020-08-15,198,-----------------------------------,-----------------------------------,1808936,49036,2526192
2020-08-16,199,-----------------------------------,-----------------------------------,1862258,49980,2589682
2020-08-17,200,-----------------------------------,-----------------------------------,1919842,50921,2647663
2020-08-18,201,-----------------------------------,-----------------------------------,1977779,51797,2702742
2020-08-19,202,-----------------------------------,-----------------------------------,2037870,52889,2767273
2020-08-20,203,-----------------------------------,-----------------------------------,2096664,53866,2836925
2020-08-21,204,-----------------------------------,-----------------------------------,2158946,54849,2905823
2020-08-22,205,-----------------------------------,-----------------------------------,2222577,55794,2975701
2020-08-23,206,-----------------------------------,-----------------------------------,2280566,56706,3044940
2020-08-24,207,-----------------------------------,-----------------------------------,2338035,57542,3106348
2020-08-25,208,-----------------------------------,-----------------------------------,2404585,58390,3167323
2020-08-26,209,-----------------------------------,-----------------------------------,2467758,59449,3234474
2020-08-27,210,-----------------------------------,-----------------------------------,2523771,60472,3310234
2020-08-28,211,-----------------------------------,-----------------------------------,2583948,61529,3387500
2020-08-29,212,-----------------------------------,-----------------------------------,2648998,62550,3463972
2020-08-30,213,-----------------------------------,-----------------------------------,2713933,63498,3542733
2020-08-31,214,-----------------------------------,-----------------------------------,2774801,64469,3621245
2020-09-01,215,-----------------------------------,-----------------------------------,2839882,65288,3691166
2020-09-02,216,-----------------------------------,-----------------------------------,2901908,66333,3769523
2020-09-03,217,-----------------------------------,-----------------------------------,2970492,67376,3853406
2020-09-04,218,-----------------------------------,-----------------------------------,3037151,68472,3936747
2020-09-05,219,-----------------------------------,-----------------------------------,3107223,69561,4023179
2020-09-06,220,-----------------------------------,-----------------------------------,3180865,70626,4113811
2020-09-07,221,-----------------------------------,-----------------------------------,3250429,71642,4204613
2020-09-08,222,-----------------------------------,-----------------------------------,3323950,72775,4280422
2020-09-09,223,-----------------------------------,-----------------------------------,3398844,73890,4370128
2020-09-10,224,-----------------------------------,-----------------------------------,3471783,75062,4465863
2020-09-11,225,-----------------------------------,-----------------------------------,3542663,76271,4562414
2020-09-12,226,-----------------------------------,-----------------------------------,3624196,77472,4659984
2020-09-13,227,-----------------------------------,-----------------------------------,3702595,78586,4754356
2020-09-14,228,-----------------------------------,-----------------------------------,3780107,79722,4846427
2020-09-15,229,-----------------------------------,-----------------------------------,3859399,80776,4930236
2020-09-16,230,-----------------------------------,-----------------------------------,3942360,82066,5020359
2020-09-17,231,-----------------------------------,-----------------------------------,4025079,83198,5118253
2020-09-18,232,-----------------------------------,-----------------------------------,4112551,84372,5214677
2020-09-19,233,-----------------------------------,-----------------------------------,4208431,85619,5308014
2020-09-20,234,-----------------------------------,-----------------------------------,4303043,86752,5400619
2020-09-21,235,-----------------------------------,-----------------------------------,4396399,87882,5487580
2020-09-22,236,-----------------------------------,-----------------------------------,4497867,88935,5562663
2020-09-23,237,-----------------------------------,-----------------------------------,4587613,90020,5646010
2020-09-24,238,-----------------------------------,-----------------------------------,4674987,91149,5732518
2020-09-25,239,-----------------------------------,-----------------------------------,4756164,92290,5818570
2020-09-26,240,-----------------------------------,-----------------------------------,4849584,93379,5903932
2020-09-27,241,-----------------------------------,-----------------------------------,4941627,94503,5992532
2020-09-28,242,-----------------------------------,-----------------------------------,5016520,95542,6074702
2020-09-29,243,-----------------------------------,-----------------------------------,5101397,96318,6145291
2020-09-30,244,-----------------------------------,-----------------------------------,5187825,97497,6225763
2020-10-01,245,-----------------------------------,-----------------------------------,5273201,98678,6312584
2020-10-02,246,-----------------------------------,-----------------------------------,5352078,99773,6394068
2020-10-03,247,-----------------------------------,-----------------------------------,5427706,100842,6473544
2020-10-04,248,-----------------------------------,-----------------------------------,5509966,101782,6549373
2020-10-05,249,-----------------------------------,-----------------------------------,5586703,102685,6623815
2020-10-06,250,-----------------------------------,-----------------------------------,5662490,103569,6685082
2020-10-07,251,-----------------------------------,-----------------------------------,5744693,104555,6757131
2020-10-08,252,-----------------------------------,-----------------------------------,5827704,105526,6835655
2020-10-09,253,-----------------------------------,-----------------------------------,5906069,106490,6906151
2020-10-10,254,-----------------------------------,-----------------------------------,5988822,107416,6979423
2020-10-11,255,-----------------------------------,-----------------------------------,6077976,108334,7053806
2020-10-12,256,-----------------------------------,-----------------------------------,6149535,109150,7120538
2020-10-13,257,-----------------------------------,-----------------------------------,6227295,109856,7175880
2020-10-14,258,-----------------------------------,-----------------------------------,6301927,110586,7239389
2020-10-15,259,-----------------------------------,-----------------------------------,6383441,111266,7307097
2020-10-16,260,-----------------------------------,-----------------------------------,6453779,112161,7370468
2020-10-17,261,-----------------------------------,-----------------------------------,6524595,112998,7432680
2020-10-18,262,-----------------------------------,-----------------------------------,6597209,114031,7494551
2020-10-19,263,-----------------------------------,-----------------------------------,6663608,114610,7550273
2020-10-20,264,-----------------------------------,-----------------------------------,6733328,115197,7597063
2020-10-21,265,-----------------------------------,-----------------------------------,6795103,115914,7651107
2020-10-22,266,-----------------------------------,-----------------------------------,6874518,116616,7706946
2020-10-23,267,-----------------------------------,-----------------------------------,6948497,117306,7761312
2020-10-24,268,-----------------------------------,-----------------------------------,7016046,117956,7814682
2020-10-25,269,-----------------------------------,-----------------------------------,7078123,118534,7864811
2020-10-26,270,-----------------------------------,-----------------------------------,7137228,119014,7909959
2020-10-27,271,-----------------------------------,-----------------------------------,7201070,119502,7946429
2020-10-28,272,-----------------------------------,-----------------------------------,7259509,120010,7990322
2020-10-29,273,-----------------------------------,-----------------------------------,7315989,120527,8040203
2020-10-30,274,-----------------------------------,-----------------------------------,7373375,121090,8088851
2020-10-31,275,-----------------------------------,-----------------------------------,7432829,121641,8137119
2020-11-01,276,-----------------------------------,-----------------------------------,7491513,122111,8184082
2020-11-02,277,-----------------------------------,-----------------------------------,7544798,122607,8229313
2020-11-03,278,-----------------------------------,-----------------------------------,7603121,123097,8267623
2020-11-04,279,-----------------------------------,-----------------------------------,7656478,123611,8313876
2020-11-05,280,-----------------------------------,-----------------------------------,7711809,124315,8364086
2020-11-06,281,-----------------------------------,-----------------------------------,7765966,124985,8411724
2020-11-07,282,-----------------------------------,-----------------------------------,7819886,125562,8462080
2020-11-08,283,-----------------------------------,-----------------------------------,7868968,126121,8507754
2020-11-09,284,-----------------------------------,-----------------------------------,7917373,126611,8553657
2020-11-10,285,-----------------------------------,-----------------------------------,7963457,127059,8591730
2020-11-11,286,-----------------------------------,-----------------------------------,8013783,127571,8636011
2020-11-12,287,-----------------------------------,-----------------------------------,8066501,128121,8683916
2020-11-13,288,-----------------------------------,-----------------------------------,8115580,128668,8728795
2020-11-14,289,-----------------------------------,-----------------------------------,8163572,129188,8773479
2020-11-15,290,-----------------------------------,-----------------------------------,8205728,129635,8814579
2020-11-16,291,-----------------------------------,-----------------------------------,8249579,130070,8845127
2020-11-17,292,-----------------------------------,-----------------------------------,8290370,130519,8874290
2020-11-18,293,-----------------------------------,-----------------------------------,8335109,130993,8912907
2020-11-19,294,-----------------------------------,-----------------------------------,8383602,131578,8958483
2020-11-20,295,-----------------------------------,-----------------------------------,8428409,132162,9004365
2020-11-21,296,-----------------------------------,-----------------------------------,8478124,132726,9050597
2020-11-22,297,-----------------------------------,-----------------------------------,8521617,133227,9095806
2020-11-23,298,-----------------------------------,-----------------------------------,8562641,133738,9139865
2020-11-24,299,-----------------------------------,-----------------------------------,8604955,134218,9177840
2020-11-25,300,-----------------------------------,-----------------------------------,8642771,134699,9222216
2020-11-26,301,-----------------------------------,-----------------------------------,8679138,135223,9266705
2020-11-27,302,-----------------------------------,-----------------------------------,8718517,135715,9309787
2020-11-28,303,-----------------------------------,-----------------------------------,8759969,136200,9351109
2020-11-29,304,-----------------------------------,-----------------------------------,8802267,136696,9392919
2020-11-30,305,-----------------------------------,-----------------------------------,8847600,137139,9431691
2020-12-01,306,-----------------------------------,-----------------------------------,8889585,137621,9462809
2020-12-02,307,-----------------------------------,-----------------------------------,8932647,138122,9499413
2020-12-03,308,-----------------------------------,-----------------------------------,8973373,138648,9534964
2020-12-04,309,-----------------------------------,-----------------------------------,9016289,139188,9571559
2020-12-05,310,-----------------------------------,-----------------------------------,9058822,139700,9608211
2020-12-06,311,-----------------------------------,-----------------------------------,9100792,140182,9644222
2020-12-07,312,-----------------------------------,-----------------------------------,9139901,140573,9677203
2020-12-08,313,-----------------------------------,-----------------------------------,9178946,140958,9703770
2020-12-09,314,-----------------------------------,-----------------------------------,9215581,141360,9735850
2020-12-10,315,-----------------------------------,-----------------------------------,9253306,141772,9767371
2020-12-11,316,------------------------------------,------------------------------------,9290834,142186,9796769
2020-12-12,317,------------------------------------,------------------------------------,9324328,142628,9826775
2020-12-13,318,------------------------------------,------------------------------------,9357464,143019,9857029
2020-12-14,319,------------------------------------,------------------------------------,9388159,143355,9884100
2020-12-15,320,------------------------------------,------------------------------------,9422636,143709,9906104
2020-12-16,321,------------------------------------,------------------------------------,9456449,144096,9932547
2020-12-17,322,------------------------------------,------------------------------------,9489740,144451,9956557
2020-12-18,323,------------------------------------,------------------------------------,9520827,144789,9979447
2020-12-19,324,------------------------------------,------------------------------------,9550712,145136,10004599
2020-12-20,325,------------------------------------,------------------------------------,9580402,145477,10031223
2020-12-21,326,------------------------------------,------------------------------------,9606111,145810,10058144
2020-12-22,327,------------------------------------,------------------------------------,9636487,146111,10068330
2020-12-23,328,------------------------------------,------------------------------------,9663382,146444,10099066
2020-12-24,329,------------------------------------,------------------------------------,9693173,146756,10123778
2020-12-25,330,------------------------------------,------------------------------------,9717834,147092,10146845
2020-12-26,331,------------------------------------,------------------------------------,9740108,147343,10169118
2020-12-27,332,------------------------------------,------------------------------------,9761538,147622,10187850
2020-12-28,333,------------------------------------,------------------------------------,9782669,147901,10207871
2020-12-29,334,------------------------------------,------------------------------------,9807569,148153,10224303
2020-12-30,335,------------------------------------,------------------------------------,9834141,148439,10244852
2020-12-31,336,------------------------------------,------------------------------------,9860280,148738,10266674
2021-01-01,337,------------------------------------,------------------------------------,9883461,148994,10286709
2021-01-02,338,------------------------------------,------------------------------------,9906387,149218,10305788
2021-01-03,339,------------------------------------,------------------------------------,9927310,149435,10323965
2021-01-04,340,------------------------------------,------------------------------------,9946867,149649,10340469
2021-01-05,341,------------------------------------,------------------------------------,9975958,149850,10356844
2021-01-06,342,------------------------------------,------------------------------------,9997272,150114,10374932
2021-01-07,343,------------------------------------,------------------------------------,10016859,150336,10395278
2021-01-08,344,------------------------------------,------------------------------------,10037398,150570,10413417
2021-01-09,345,------------------------------------,------------------------------------,10056651,150798,10431639
2021-01-10,346,------------------------------------,------------------------------------,10075950,150999,10450284
2021-01-11,347,------------------------------------,------------------------------------,10092909,151160,10466595
2021-01-12,348,------------------------------------,------------------------------------,10111294,151327,10479179
2021-01-13,349,------------------------------------,------------------------------------,10129111,151529,10495147
2021-01-14,350,------------------------------------,------------------------------------,10146763,151727,10512093
2021-01-15,351,------------------------------------,------------------------------------,10162738,151918,10527683
2021-01-16,352,------------------------------------,------------------------------------,10179715,152093,10542841
2021-01-17,353,------------------------------------,------------------------------------,10196885,152274,10557985
2021-01-18,354,------------------------------------,------------------------------------,10211342,152419,10571773
2021-01-19,355,------------------------------------,------------------------------------,10228753,152556,10581837
2021-01-20,356,------------------------------------,------------------------------------,10245741,152718,10595660
2021-01-21,357,------------------------------------,------------------------------------,10265706,152869,10610883
2021-01-22,358,------------------------------------,------------------------------------,10283708,153032,10625428
2021-01-23,359,------------------------------------,------------------------------------,10300838,153184,10639684
2021-01-24,360,------------------------------------,------------------------------------,10316786,153339,10654533
2021-01-25,361,------------------------------------,------------------------------------,10330084,153470,10662181
2021-01-26,362,------------------------------------,------------------------------------,10345985,153587,10676838
2021-01-27,363,------------------------------------,------------------------------------,10359305,153724,10689527
2021-01-28,364,------------------------------------,------------------------------------,10373606,153847,10701193
2021-01-29,365,------------------------------------,------------------------------------,10394352,154010,10720048
2021-01-30,366,------------------------------------,------------------------------------,10409160,154147,10733131
2021-01-31,367,------------------------------------,------------------------------------,10423125,154274,10746183
2021-02-01,368,------------------------------------,------------------------------------,10434983,154392,10756631
2021-02-02,369,------------------------------------,------------------------------------,10448406,154486,10766245
2021-02-03,370,------------------------------------,------------------------------------,10462631,154596,10777284
2021-02-04,371,------------------------------------,------------------------------------,10480455,154703,10790183
2021-02-05,372,------------------------------------,------------------------------------,10496308,154823,10802591
2021-02-06,373,------------------------------------,------------------------------------,10510796,154918,10814304
2021-02-07,374,------------------------------------,------------------------------------,10522601,154996,10826363
2021-02-08,375,------------------------------------,------------------------------------,10534505,155080,10838194
2021-02-09,376,------------------------------------,------------------------------------,10548521,155158,10847304
2021-02-10,377,------------------------------------,------------------------------------,10561608,155252,10858371
2021-02-11,378,------------------------------------,------------------------------------,10573372,155360,10867467
2021-02-12,379,------------------------------------,------------------------------------,10589230,155447,10880603
2021-02-13,380,------------------------------------,------------------------------------,10600625,155550,10892746
2021-02-14,381,------------------------------------,------------------------------------,10611731,155642,10904940
2021-02-15,382,------------------------------------,------------------------------------,10621220,155732,10916589
2021-02-16,383,------------------------------------,------------------------------------,10633025,155813,10925710
2021-02-17,384,------------------------------------,------------------------------------,10644858,155913,10937320
2021-02-18,385,------------------------------------,------------------------------------,10656845,156014,10944479
2021-02-19,386,------------------------------------,------------------------------------,10667741,156111,10963394
2021-02-20,387,------------------------------------,------------------------------------,10678048,156212,10977387
2021-02-21,388,------------------------------------,------------------------------------,10689715,156302,10991651
2021-02-22,389,------------------------------------,------------------------------------,10699410,156385,11005850
2021-02-23,390,------------------------------------,------------------------------------,10712665,156463,11016434
2021-02-24,391,------------------------------------,------------------------------------,10726702,156567,11042648
2021-02-25,392,------------------------------------,------------------------------------,10738501,156705,11046914
2021-02-26,393,------------------------------------,------------------------------------,10750680,156825,11063491
2021-02-27,394,------------------------------------,------------------------------------,10763451,156938,11079979
2021-02-28,395,------------------------------------,------------------------------------,10775169,157051,11096731
2021-03-01,396,------------------------------------,------------------------------------,10786457,157157,11111149
2021-03-02,397,------------------------------------,------------------------------------,10798921,157248,11124527
2021-03-03,398,------------------------------------,------------------------------------,10812044,157346,11128605
2021-03-04,399,------------------------------------,------------------------------------,10826075,157435,11156923
2021-03-05,400,------------------------------------,------------------------------------,10839894,157548,11173761
2021-03-06,401,------------------------------------,------------------------------------,10854128,157656,11192088
2021-03-07,402,------------------------------------,------------------------------------,10868520,157756,11210799
2021-03-08,403,------------------------------------,------------------------------------,10882798,157853,11229398
2021-03-09,404,------------------------------------,------------------------------------,10899394,157930,11230872
2021-03-10,405,------------------------------------,------------------------------------,10920046,158063,11262707
2021-03-11,406,------------------------------------,------------------------------------,10920046,158063,11262707
2021-03-12,407,------------------------------------,------------------------------------,10938146,158189,11285561
2021-03-13,408,------------------------------------,------------------------------------,10973260,158446,11333728
2021-03-14,409,------------------------------------,------------------------------------,10989897,158607,11359048
2021-03-15,410,------------------------------------,------------------------------------,11007352,158725,11385339
2021-03-16,411,------------------------------------,------------------------------------,11027543,158856,11409831
2021-03-17,412,------------------------------------,------------------------------------,11045284,159044,11438734
2021-03-18,413,------------------------------------,------------------------------------,11063025,159216,11474605
2021-03-19,414,------------------------------------,------------------------------------,11083679,159370,11514331
2021-03-20,415,------------------------------------,------------------------------------,11107332,159558,11555284
2021-03-21,416,------------------------------------,------------------------------------,11130288,159755,11599130
2021-03-22,417,------------------------------------,------------------------------------,11151468,159967,11646081
2021-03-23,418,------------------------------------,------------------------------------,11181253,160166,11686796
2021-03-24,419,------------------------------------,------------------------------------,11205160,160441,11734058
2021-03-25,420,------------------------------------,------------------------------------,11231650,160692,11787534
2021-03-26,421,------------------------------------,------------------------------------,11264637,160949,11846652
2021-03-27,422,------------------------------------,------------------------------------,11295023,161240,11908910
2021-03-28,423,------------------------------------,------------------------------------,11323762,161552,11971624
2021-03-29,424,------------------------------------,------------------------------------,11355993,161843,12039644
2021-03-30,425,------------------------------------,------------------------------------,11393021,162114,12095855
2021-03-31,426,------------------------------------,------------------------------------,11434301,162468,12149335
2021-04-01,427,------------------------------------,------------------------------------,11474683,162927,12226141
2021-04-02,428,------------------------------------,------------------------------------,11525039,163396,12303131
2021-04-03,429,------------------------------------,------------------------------------,11569241,164110,12392260
2021-04-04,430,------------------------------------,------------------------------------,11629289,164623,12485509
2021-04-05,431,------------------------------------,------------------------------------,11682136,165101,12589067
2021-04-06,432,------------------------------------,------------------------------------,11732279,165547,12686049
2021-04-07,433,------------------------------------,------------------------------------,11792135,166177,12801785
2021-04-08,434,------------------------------------,------------------------------------,11851393,166862,12928574
2021-04-09,435,------------------------------------,------------------------------------,11913292,167642,13060542
2021-04-10,436,------------------------------------,------------------------------------,11990859,168436,13205926
2021-04-11,437,------------------------------------,------------------------------------,12081443,169275,13358805
2021-04-12,438,------------------------------------,------------------------------------,12156529,170179,13527717
2021-04-13,439,------------------------------------,------------------------------------,12253697,171058,13689453
2021-04-14,440,------------------------------------,------------------------------------,12336036,172085,13873825
2021-04-15,441,------------------------------------,------------------------------------,12429564,173123,14074564
2021-04-16,442,------------------------------------,------------------------------------,12547866,174308,14291917
2021-04-17,443,------------------------------------,------------------------------------,12671220,175649,14526609
2021-04-18,444,------------------------------------,------------------------------------,12809643,177150,14788109
2021-04-19,445,------------------------------------,------------------------------------,12953821,178769,15061919
2021-04-20,446,------------------------------------,------------------------------------,13108582,180530,15321089
2021-04-21,447,------------------------------------,------------------------------------,13276039,182553,15616130
2021-04-22,448,------------------------------------,------------------------------------,13454880,184657,15930965
2021-04-23,449,------------------------------------,------------------------------------,13648159,186920,16263695
2021-04-24,450,------------------------------------,------------------------------------,13867997,189544,16610481
2021-04-25,451,------------------------------------,------------------------------------,14085110,192311,16960172
2021-04-26,452,------------------------------------,------------------------------------,14304382,195123,17313163
2021-04-27,453,------------------------------------,------------------------------------,14556209,197894,17636307
2021-04-28,454,------------------------------------,------------------------------------,14817371,201187,17997267
2021-04-29,455,------------------------------------,------------------------------------,15086878,204832,18376524
2021-04-30,456,------------------------------------,------------------------------------,15384418,208330,18762976
2021-05-01,457,------------------------------------,------------------------------------,15684406,211853,19164969
2021-05-02,458,------------------------------------,------------------------------------,15992271,215542,19557457
2021-05-03,459,------------------------------------,------------------------------------,16293003,218959,19925604
2021-05-04,460,------------------------------------,------------------------------------,16613292,222408,20282833
2021-05-05,461,------------------------------------,------------------------------------,16951731,226188,20665148
2021-05-06,462,------------------------------------,------------------------------------,17280844,230168,21077410
2021-05-07,463,------------------------------------,------------------------------------,17612351,234083,21491598
2021-05-08,464,------------------------------------,------------------------------------,17930960,238270,21892676
2021-05-09,465,------------------------------------,------------------------------------,18317404,242362,22296414
2021-05-10,466,------------------------------------,------------------------------------,18671222,246116,22662575
2021-05-11,467,------------------------------------,------------------------------------,19027304,249992,22992517
2021-05-12,468,------------------------------------,------------------------------------,19382642,254197,23340938
2021-05-13,469,------------------------------------,------------------------------------,19734823,258317,23703665
2021-05-14,470,------------------------------------,------------------------------------,20079599,262317,24046809
2021-05-15,471,------------------------------------,------------------------------------,20432898,266207,24372907
2021-05-16,472,------------------------------------,------------------------------------,20795335,270284,24684077
2021-05-17,473,------------------------------------,------------------------------------,21174076,274390,24965463
2021-05-18,474,------------------------------------,------------------------------------,21596512,278719,25228996
2021-05-19,475,------------------------------------,------------------------------------,21986363,283248,25496330
2021-05-20,476,------------------------------------,------------------------------------,22355440,287122,25772440
2021-05-21,477,------------------------------------,------------------------------------,22712735,291331,26031991
2021-05-22,478,------------------------------------,------------------------------------,23070365,295525,26289290
2021-05-23,479,------------------------------------,------------------------------------,23425467,299266,26530132
2021-05-24,480,------------------------------------,------------------------------------,23728011,303720,26752447
2021-05-25,481,------------------------------------,------------------------------------,24054861,307231,26948874
2021-05-26,482,------------------------------------,------------------------------------,24350816,311388,27157795
2021-05-27,483,------------------------------------,------------------------------------,24633951,315235,27369093
2021-05-28,484,------------------------------------,------------------------------------,24893410,318895,27555457
2021-05-29,485,------------------------------------,------------------------------------,25178011,322512,27729247
2021-05-30,486,------------------------------------,------------------------------------,25454320,325972,27894800
2021-05-31,487,------------------------------------,------------------------------------,25692342,329100,28047534
2021-06-01,488,------------------------------------,------------------------------------,25947629,331895,28175044
2021-06-02,489,------------------------------------,------------------------------------,26179085,335102,28307832
2021-06-03,490,------------------------------------,------------------------------------,26390584,337989,28441986
2021-06-04,491,------------------------------------,------------------------------------,26597655,340702,28574350
2021-06-05,492,------------------------------------,------------------------------------,26795549,344082,28694879
2021-06-06,493,------------------------------------,------------------------------------,26984781,346759,28809339
2021-06-07,494,------------------------------------,------------------------------------,27159180,349186,28909975
2021-06-08,495,------------------------------------,------------------------------------,27341462,351309,28996473
2021-06-09,496,------------------------------------,------------------------------------,27504126,353528,29089069
2021-06-10,497,------------------------------------,------------------------------------,27655493,359676,29183121
2021-06-11,498,------------------------------------,------------------------------------,27790073,363079,29274823
2021-06-12,499,------------------------------------,------------------------------------,27911384,367081,29359155
2021-06-13,500,------------------------------------,------------------------------------,28043446,370384,29439989
2021-06-14,501,------------------------------------,------------------------------------,28162947,374305,29510410
2021-06-15,502,------------------------------------,------------------------------------,28280472,377031,29570881
2021-06-16,503,------------------------------------,------------------------------------,28388100,379573,29633105
2021-06-17,504,------------------------------------,------------------------------------,28491670,381903,29700313
2021-06-18,505,------------------------------------,------------------------------------,28580647,383490,29762793
2021-06-19,506,------------------------------------,------------------------------------,28678390,385137,29823546
2021-06-20,507,------------------------------------,------------------------------------,28766009,386713,29881965
2021-06-21,508,------------------------------------,------------------------------------,28844199,388135,29935221
2021-06-22,509,------------------------------------,------------------------------------,28926038,389302,29977861
2021-06-23,510,------------------------------------,------------------------------------,28994855,390660,30028709
2021-06-24,511,------------------------------------,------------------------------------,29063740,391981,30082778
2021-06-25,512,------------------------------------,------------------------------------,29128267,393310,30134445
2021-06-26,513,------------------------------------,------------------------------------,29193085,394493,30183143
2021-06-27,514,------------------------------------,------------------------------------,29251029,395751,30233183
2021-06-28,515,------------------------------------,------------------------------------,29309607,396730,30279331
2021-06-29,516,------------------------------------,------------------------------------,29366601,397637,30316897
2021-06-30,517,------------------------------------,------------------------------------,29427330,398454,30362848
2021-07-01,518,------------------------------------,------------------------------------,29488918,399459,30411634
2021-07-02,519,------------------------------------,------------------------------------,29548302,400312,30458251
2021-07-03,520,------------------------------------,------------------------------------,29605779,401050,30502362
2021-07-04,521,------------------------------------,------------------------------------,29658078,402005,30545433
2021-07-05,522,------------------------------------,------------------------------------,29700430,402728,30585229
2021-07-06,523,------------------------------------,------------------------------------,29752294,403281,30619932
2021-07-07,524,------------------------------------,------------------------------------,29799534,404211,30663665
2021-07-08,525,------------------------------------,------------------------------------,29843825,405028,30709557
2021-07-09,526,------------------------------------,------------------------------------,29888284,405939,30752950
2021-07-10,527,------------------------------------,------------------------------------,29933538,407145,30795716
2021-07-11,528,------------------------------------,------------------------------------,29975064,408040,30837222
2021-07-12,529,------------------------------------,------------------------------------,30014713,408764,30874376
2021-07-13,530,------------------------------------,------------------------------------,30063720,410784,30907282
2021-07-14,531,------------------------------------,------------------------------------,30104720,411408,30946074
2021-07-15,532,------------------------------------,------------------------------------,30143850,411989,30987880
2021-07-16,533,------------------------------------,------------------------------------,30183876,412531,31026829
2021-07-17,534,------------------------------------,------------------------------------,30227792,413091,31064908
2021-07-18,535,------------------------------------,------------------------------------,30269796,413609,31106065
2021-07-19,536,------------------------------------,------------------------------------,30308456,414108,31144229
2021-07-20,537,------------------------------------,------------------------------------,30353710,414482,31174322
2021-07-21,538,------------------------------------,------------------------------------,30390687,418480,31216337
2021-07-22,539,------------------------------------,------------------------------------,30429339,418987,31257720
2021-07-23,540,------------------------------------,------------------------------------,30468079,419470,31293062
2021-07-24,541,------------------------------------,------------------------------------,30503166,420016,31332159
2021-07-25,542,------------------------------------,------------------------------------,30543138,420551,31371901
2021-07-26,543,------------------------------------,------------------------------------,30579106,420967,31411262
2021-07-27,544,------------------------------------,------------------------------------,30621469,421382,31440951
2021-07-28,545,------------------------------------,------------------------------------,30663147,422022,31484605
2021-07-29,546,------------------------------------,------------------------------------,30701612,422662,31528114
2021-07-30,547,------------------------------------,------------------------------------,30743972,423217,31572344
2021-07-31,548,------------------------------------,------------------------------------,30781263,423810,31613993
2021-08-01,549,------------------------------------,------------------------------------,30820521,424351,31655824
2021-08-02,550,------------------------------------,------------------------------------,30857467,424773,31695958
2021-08-03,551,------------------------------------,------------------------------------,30896354,425195,31726507
2021-08-04,552,------------------------------------,------------------------------------,30933022,425757,31769132
2021-08-05,553,------------------------------------,------------------------------------,30974748,426290,31812114
2021-08-06,554,------------------------------------,------------------------------------,31015844,426754,31856757
2021-08-07,555,------------------------------------,------------------------------------,31055861,427371,31895385
2021-08-08,556,------------------------------------,------------------------------------,31099771,427862,31934455
2021-08-09,557,------------------------------------,------------------------------------,31139457,428309,31969954
2021-08-10,558,------------------------------------,------------------------------------,31180968,428682,31998158
2021-08-11,559,------------------------------------,------------------------------------,31220981,429179,32036511
